,umap1,umap2
batch1_CD141_P10_S73,0.0389590586452784,-5.63430367441903
batch1_CD141_P10_S74,-2.40780319940918,-1.20016626539573
batch1_CD141_P10_S75,0.74660101123068,-5.91765161212263
batch1_CD141_P10_S76,0.580527440248451,-5.79009751918302
batch1_CD141_P10_S77,0.912233766116719,-5.17672767668803
batch1_CD141_P10_S78,-2.43427767541412,-1.18492721928479
batch1_CD141_P10_S79,0.71069965538051,-6.06693729347071
batch1_CD141_P10_S80,0.609809956708567,-6.02775651894409
batch1_CD141_P10_S81,-2.49417985755009,-1.05693757954187
batch1_CD141_P10_S82,-0.273856052208405,-5.27948693605163
batch1_CD141_P10_S83,0.183424166691552,-5.68391647366104
batch1_CD141_P10_S84,-0.445202670759108,-5.16076435145184
batch1_CD141_P10_S85,0.257288543613038,-5.73874560334139
batch1_CD141_P10_S86,0.0548794745874287,-5.65278413845259
batch1_CD141_P10_S87,-2.53316399199849,-1.13044141023747
batch1_CD141_P10_S88,0.830834386076082,-5.97160027247601
batch1_CD141_P10_S89,0.863681909856854,-5.40566103114521
batch1_CD141_P10_S90,-2.43781937428457,-1.12342965906828
batch1_CD141_P10_S91,1.08513228142662,-5.34249479073122
batch1_CD141_P10_S92,0.72789796667227,-5.66812564175747
batch1_CD141_P10_S93,1.03068218499642,-5.57848175277547
batch1_CD141_P10_S94,0.239101891877203,-4.45367199963477
batch1_CD141_P10_S95,0.655619172349707,-6.21354992537763
batch1_CD141_P10_S96,0.830279831904214,-6.26672611772082
batch1_CD141_P7_S10,0.255939026677142,-5.03715776464739
batch1_CD141_P7_S11,-0.114783383996043,-5.73370889513851
batch1_CD141_P7_S12,-1.85146268438569,-1.92579482614823
batch1_CD141_P7_S13,0.889087392250727,-5.92764230617633
batch1_CD141_P7_S14,0.463349924279947,-4.79540889205284
batch1_CD141_P7_S15,0.605854191685344,-5.47807668610535
batch1_CD141_P7_S16,0.721249185437694,-5.59674817507429
batch1_CD141_P7_S17,-0.255874868693208,-4.46631488596773
batch1_CD141_P7_S18,0.657021847904942,-5.41439547104322
batch1_CD141_P7_S19,0.771583702057486,-5.48716899902599
batch1_CD141_P7_S1,0.29455412500148,-6.02896823223107
batch1_CD141_P7_S20,0.733353093162483,-5.89743559778759
batch1_CD141_P7_S21,1.03598448963673,-5.65269488413999
batch1_CD141_P7_S22,-0.0910324691681478,-5.10541945689636
batch1_CD141_P7_S23,0.0547895823074719,-5.07357640432056
batch1_CD141_P7_S24,-2.49537886805113,-1.19403462239465
batch1_CD141_P7_S2,0.588565860464701,-4.78677331508435
batch1_CD141_P7_S3,0.150013218898797,-5.97854328379098
batch1_CD141_P7_S4,0.580599569700006,-5.4621503970123
batch1_CD141_P7_S5,0.0244596995292665,-5.28698875524242
batch1_CD141_P7_S6,1.13856178502175,-5.86195797831111
batch1_CD141_P7_S7,-2.48411848823164,-1.06024056973726
batch1_CD141_P7_S8,-0.178441392610111,-5.67479204596848
batch1_CD141_P7_S9,1.07739175598573,-5.79105140148916
batch1_CD141_P8_S25,1.13550148059546,-5.96379970823397
batch1_CD141_P8_S26,0.759689411479967,-5.96662539474389
batch1_CD141_P8_S27,-0.581187086724552,-4.78685328954519
batch1_CD141_P8_S28,1.23384204777076,-6.04312628222138
batch1_CD141_P8_S29,0.664453961447322,-1.50405614129333
batch1_CD141_P8_S30,-0.0224020426428982,-5.76656504492976
batch1_CD141_P8_S31,0.279218561509763,-5.24178299746411
batch1_CD141_P8_S32,0.560157851842479,-5.33972841619682
batch1_CD141_P8_S33,0.870724241515826,-6.2875688319736
batch1_CD141_P8_S34,1.17901224257072,-6.14012204773264
batch1_CD141_P8_S35,0.0248259894321987,-5.97032898610275
batch1_CD141_P8_S36,0.935996425314578,-5.84846625133242
batch1_CD141_P8_S37,-0.334154208915493,-5.50808873246306
batch1_CD141_P8_S38,-0.323405747626002,-5.51044104246765
batch1_CD141_P8_S39,1.1223450041162,-5.61444678524873
batch1_CD141_P8_S40,-0.712874389644899,-4.75771856713734
batch1_CD141_P8_S41,-0.15730867808099,-2.91915097433172
batch1_CD141_P8_S42,-2.46618060599757,-1.08177546778477
batch1_CD141_P8_S43,0.443785350329452,-6.19300306456264
batch1_CD141_P8_S44,0.381010027929879,-4.86216229145558
batch1_CD141_P8_S45,1.28194685650059,-6.09600355050794
batch1_CD141_P8_S46,0.392873230201991,-6.18175475841336
batch1_CD141_P8_S47,0.724411796503111,-4.92886014927558
batch1_CD141_P8_S48,0.692451231522826,-4.75496607998069
batch1_CD141_P9_S49,0.640984759989807,-6.07430895249607
batch1_CD141_P9_S50,0.313278332530872,-5.25002711250716
batch1_CD141_P9_S51,-2.514211506948,-1.05318414271254
batch1_CD141_P9_S52,0.293538169647856,-4.74133709333989
batch1_CD141_P9_S53,0.655121563994182,-5.90022194857626
batch1_CD141_P9_S54,0.649583555898908,-4.81972230563579
batch1_CD141_P9_S55,0.353508337479425,-4.69219505406748
batch1_CD141_P9_S56,1.0184266894899,-5.18539638749604
batch1_CD141_P9_S57,1.11671961815508,-5.12735133243406
batch1_CD141_P9_S58,0.436234199788234,-5.08444400702869
batch1_CD141_P9_S59,0.316025723129515,-4.66135065616084
batch1_CD141_P9_S60,0.772529205219042,-1.37654351859219
batch1_CD141_P9_S61,0.689489047979193,-4.97176006098347
batch1_CD141_P9_S62,0.544069900494272,-4.87345030408359
batch1_CD141_P9_S63,0.535924616872681,-6.2002151854559
batch1_CD141_P9_S64,1.07586256849908,-5.15382694695806
batch1_CD141_P9_S65,0.490353036912034,-5.83412636509635
batch1_CD141_P9_S66,0.0675259341500599,2.42049862290401
batch1_CD141_P9_S67,0.71572516095931,-5.10038397376939
batch1_CD141_P9_S68,0.793811290889499,-4.96537471999033
batch1_CD141_P9_S69,0.591139091701809,-4.56997046389329
batch1_CD141_P9_S70,-0.683309985986537,-2.91443140200261
batch1_CD141_P9_S71,0.530520092794837,-6.24328094511136
batch1_CD141_P9_S72,1.1636872984528,-5.08920293691551
batch1_pDC_P10_S73,-2.96097687444872,4.13078247401557
batch1_pDC_P10_S74,-2.67086288196424,4.40614191486921
batch1_pDC_P10_S75,-3.2217829258609,3.74080025167274
batch1_pDC_P10_S76,-1.72477848393729,3.22055965560114
batch1_pDC_P10_S77,-2.81019262234789,3.17976142997914
batch1_pDC_P10_S78,-1.88227816268621,3.25748101162467
batch1_pDC_P10_S79,-2.47550580145865,2.41617848534145
batch1_pDC_P10_S80,-2.85606514699666,3.21234847329518
batch1_pDC_P10_S81,-3.37006120746136,3.55342082481153
batch1_pDC_P10_S82,-2.61592476505029,2.93124762120931
batch1_pDC_P10_S83,-2.18212224458634,3.36389894888778
batch1_pDC_P10_S84,-2.43213126363954,1.98227630476172
batch1_pDC_P10_S85,-3.17320439132942,2.35196588616232
batch1_pDC_P10_S86,-1.54725467627458,2.7294145896025
batch1_pDC_P10_S87,-1.4908858258512,3.5251602909467
batch1_pDC_P10_S88,-3.29890881118145,3.56114891016931
batch1_pDC_P10_S89,-2.31908312392486,-1.20326444665782
batch1_pDC_P10_S90,-3.19910406606552,3.49796522018845
batch1_pDC_P10_S91,-2.89460346342077,3.29336262127232
batch1_pDC_P10_S92,-2.37698637377727,3.20387041300504
batch1_pDC_P10_S93,-2.8829226358302,4.41359942959257
batch1_pDC_P10_S94,-2.6395184638639,-0.853903369281765
batch1_pDC_P10_S95,-2.76139163118769,3.13954324471781
batch1_pDC_P10_S96,-2.20981096769908,2.78943791747232
batch1_pDC_P7_S10,-2.47924969779459,-1.09480260147649
batch1_pDC_P7_S11,-3.23267807927882,2.48804273305138
batch1_pDC_P7_S12,-3.69937289738752,3.10372513119586
batch1_pDC_P7_S13,-1.61507068966324,3.59765161206297
batch1_pDC_P7_S14,-1.58481736755097,2.20801935923621
batch1_pDC_P7_S15,-2.5097871608645,-1.03697522354373
batch1_pDC_P7_S16,-2.43741559577749,-0.991649736089813
batch1_pDC_P7_S17,-2.75061037982322,2.47082175538562
batch1_pDC_P7_S18,-1.58488529581264,3.21762219429009
batch1_pDC_P7_S19,-2.73605406789498,3.06508225189559
batch1_pDC_P7_S1,-2.01458381119223,3.16683233834803
batch1_pDC_P7_S20,-3.39834818400369,3.38020935705648
batch1_pDC_P7_S21,-1.45831075038887,3.30719373270992
batch1_pDC_P7_S22,-2.73315398482806,2.72173999852691
batch1_pDC_P7_S23,-3.26967015107041,3.17521287155766
batch1_pDC_P7_S24,-2.76192940359038,2.82454941192373
batch1_pDC_P7_S2,-2.61317475941885,2.58814313104624
batch1_pDC_P7_S3,-1.71358011770102,3.00975144202701
batch1_pDC_P7_S4,-3.60887850316198,3.73433565435605
batch1_pDC_P7_S5,-2.6347422391389,-0.443494339854924
batch1_pDC_P7_S6,-1.94305928048065,2.36361049983362
batch1_pDC_P7_S7,-1.99312427050193,3.33568620346473
batch1_pDC_P7_S8,-1.47683944004712,3.50258492124791
batch1_pDC_P7_S9,-2.29572545455916,4.42412148916268
batch1_pDC_P8_S25,-2.10579549800081,3.27926614110334
batch1_pDC_P8_S26,-2.38945376057713,3.01707421939118
batch1_pDC_P8_S27,-2.67286575627813,4.66106640815101
batch1_pDC_P8_S28,-2.65994042684854,4.65771165600462
batch1_pDC_P8_S29,0.77117901659454,-0.927325583867671
batch1_pDC_P8_S30,-3.55891989603532,3.52062488907195
batch1_pDC_P8_S31,-1.39526739836918,1.71819623358578
batch1_pDC_P8_S32,-2.17654703336701,3.72023844016885
batch1_pDC_P8_S33,-2.11837355823542,3.35528099837355
batch1_pDC_P8_S34,-3.11027209340749,2.60104609584668
batch1_pDC_P8_S35,-2.46113566983083,-1.11267164473079
batch1_pDC_P8_S36,-2.11591246109395,3.49513646891134
batch1_pDC_P8_S37,-1.66500122419884,2.79186892750687
batch1_pDC_P8_S38,-1.59786470971053,2.67229933580762
batch1_pDC_P8_S39,-1.93801363955428,3.85958417276409
batch1_pDC_P8_S40,-3.34306013346422,3.78014752843062
batch1_pDC_P8_S41,0.702475607596568,-0.962306337332818
batch1_pDC_P8_S42,-1.70314878633649,4.22522468028308
batch1_pDC_P8_S43,-1.33223798235689,1.57761938592549
batch1_pDC_P8_S44,-1.68549629395524,4.24488122666921
batch1_pDC_P8_S45,1.61098549726569,1.26420349596397
batch1_pDC_P8_S46,-2.88317493087988,3.30660553936745
batch1_pDC_P8_S47,3.28448903279267,0.0709134163743383
batch1_pDC_P8_S48,-3.17972935381204,2.901403695577
batch1_pDC_P9_S49,-1.67302652893494,3.38996595164305
batch1_pDC_P9_S50,-1.87109309917321,3.61869929169419
batch1_pDC_P9_S51,-2.37694206896749,3.65511740571891
batch1_pDC_P9_S52,-2.03325217290434,2.68718956453125
batch1_pDC_P9_S53,1.02788732069501,1.08700055628585
batch1_pDC_P9_S54,-1.1039565941924,3.26871565852855
batch1_pDC_P9_S55,-2.02179813085742,3.34706214835906
batch1_pDC_P9_S56,-2.22191383582609,4.5018149523487
batch1_pDC_P9_S57,-2.95769718496543,3.05250076514759
batch1_pDC_P9_S58,-3.56598106049203,3.78848545049963
batch1_pDC_P9_S59,-2.2869829198025,3.94868535778824
batch1_pDC_P9_S60,-2.22831025263141,3.34932434913332
batch1_pDC_P9_S61,-2.42963677735778,4.03813313619915
batch1_pDC_P9_S62,1.03718880322634,1.07154204228547
batch1_pDC_P9_S63,-1.59948423716597,2.43592173563455
batch1_pDC_P9_S64,-2.72793887388162,2.73828060483371
batch1_pDC_P9_S65,-2.28384805514962,4.58193146070753
batch1_pDC_P9_S66,-0.945293342234732,3.08165703466245
batch1_pDC_P9_S67,-2.76528688106851,3.34864788830496
batch1_pDC_P9_S68,-1.32132662962235,3.10049052427572
batch1_pDC_P9_S69,-2.21225600007887,3.82698232983695
batch1_pDC_P9_S70,-3.0496432845211,2.86758202651894
batch1_pDC_P9_S71,-2.46243323073802,4.16916962104028
batch1_pDC_P9_S72,-2.27446313769829,3.96557699830987
batch1_DoubleNeg_P10_S73,3.26015697066737,2.37727874087989
batch1_DoubleNeg_P10_S74,3.60503914859926,1.86816201023012
batch1_DoubleNeg_P10_S75,2.21773576365399,1.88089738510313
batch1_DoubleNeg_P10_S76,2.25680189952671,1.29994457990141
batch1_DoubleNeg_P10_S77,2.86240452919961,2.21935677683595
batch1_DoubleNeg_P10_S78,3.08191241775191,1.06566072218352
batch1_DoubleNeg_P10_S79,1.5371840192562,1.28701084479685
batch1_DoubleNeg_P10_S80,2.94762409385247,2.24768528889839
batch1_DoubleNeg_P10_S81,-0.848329941286813,-3.31982952500498
batch1_DoubleNeg_P10_S82,4.13569890591801,1.68435019749045
batch1_DoubleNeg_P10_S83,2.81243839552815,1.00211978552268
batch1_DoubleNeg_P10_S84,2.35868090436443,1.15140011676905
batch1_DoubleNeg_P10_S85,2.19462662351084,0.689802032650969
batch1_DoubleNeg_P10_S86,3.2877975788038,2.1272220209475
batch1_DoubleNeg_P10_S87,3.22775765621847,1.73843407303568
batch1_DoubleNeg_P10_S88,3.54219328646161,2.17377840803452
batch1_DoubleNeg_P10_S89,4.17847841963086,2.1058485799764
batch1_DoubleNeg_P10_S90,0.0816116892272597,2.38841094272383
batch1_DoubleNeg_P10_S91,2.92766462221978,2.77102549243967
batch1_DoubleNeg_P10_S92,1.79782204303525,1.80212169867918
batch1_DoubleNeg_P10_S93,2.51889043924005,0.925554706144253
batch1_DoubleNeg_P10_S94,2.72641001236452,2.01364902289685
batch1_DoubleNeg_P10_S95,2.89579055219436,0.957787443988491
batch1_DoubleNeg_P10_S96,3.70875621149378,1.76648237407244
batch1_DoubleNeg_P7_S10,3.40820531871237,1.83490084933629
batch1_DoubleNeg_P7_S11,3.50091555634525,1.7470562977338
batch1_DoubleNeg_P7_S12,4.22372132787776,2.19857298927342
batch1_DoubleNeg_P7_S13,4.21913097045083,0.922146253923174
batch1_DoubleNeg_P7_S14,3.14651721786729,1.97440095385062
batch1_DoubleNeg_P7_S15,3.41237781587442,0.684553538460304
batch1_DoubleNeg_P7_S16,3.54399461647793,0.855542172317461
batch1_DoubleNeg_P7_S17,3.29344548990064,1.78157783766674
batch1_DoubleNeg_P7_S18,3.60619029038169,1.33807672608685
batch1_DoubleNeg_P7_S19,4.13445721879139,1.79281784538063
batch1_DoubleNeg_P7_S1,1.91523574880152,1.12431640599874
batch1_DoubleNeg_P7_S20,4.28653034996518,1.26387194090403
batch1_DoubleNeg_P7_S21,2.75339468433924,1.31254034449576
batch1_DoubleNeg_P7_S22,2.27935272823348,1.30902284117927
batch1_DoubleNeg_P7_S23,3.7842793838568,1.98115874187156
batch1_DoubleNeg_P7_S24,2.03032311536759,0.958798569090462
batch1_DoubleNeg_P7_S2,3.22510251714993,2.61712321820094
batch1_DoubleNeg_P7_S3,3.40343988116313,1.37578042246124
batch1_DoubleNeg_P7_S4,3.78523576792178,1.96013133734758
batch1_DoubleNeg_P7_S5,3.47981062303956,1.44467756271886
batch1_DoubleNeg_P7_S6,-1.64337382133317,-3.2642729235279
batch1_DoubleNeg_P7_S7,2.58193884612743,1.27254063232481
batch1_DoubleNeg_P7_S8,3.65717686167707,0.605754232834565
batch1_DoubleNeg_P7_S9,4.01450943606356,1.98274342015292
batch1_DoubleNeg_P8_S25,2.66695657428296,1.64718729721012
batch1_DoubleNeg_P8_S26,-1.65599857084016,-3.13452307705306
batch1_DoubleNeg_P8_S27,4.3273791467437,2.15536484658972
batch1_DoubleNeg_P8_S28,3.89275175106139,2.20707852737752
batch1_DoubleNeg_P8_S29,0.729726241484418,-1.12680335041382
batch1_DoubleNeg_P8_S30,2.86583490180067,0.845486148294974
batch1_DoubleNeg_P8_S31,3.89927444798799,1.52809690416414
batch1_DoubleNeg_P8_S32,2.5091995664787,1.15686907061909
batch1_DoubleNeg_P8_S33,2.66548650290187,1.63919507779599
batch1_DoubleNeg_P8_S34,3.92387475754357,0.735412842998412
batch1_DoubleNeg_P8_S35,2.93415143467599,2.65723761196704
batch1_DoubleNeg_P8_S36,2.78959623309156,1.15163267567207
batch1_DoubleNeg_P8_S37,1.87552513468264,1.13220305236516
batch1_DoubleNeg_P8_S38,3.51933424340043,0.386304499190643
batch1_DoubleNeg_P8_S39,3.47402323267825,0.346526557855291
batch1_DoubleNeg_P8_S40,4.27907413441337,1.01171497483939
batch1_DoubleNeg_P8_S41,1.04036875328287,-0.965010736789639
batch1_DoubleNeg_P8_S42,3.87475595550526,1.42143127780777
batch1_DoubleNeg_P8_S43,2.34671977192617,2.03552397279416
batch1_DoubleNeg_P8_S44,3.25143935228362,0.897653345819478
batch1_DoubleNeg_P8_S45,-1.65807545181716,-3.16241838938493
batch1_DoubleNeg_P8_S46,-0.251263465514032,-3.21916363415738
batch1_DoubleNeg_P8_S47,3.94009728103767,2.10698271323614
batch1_DoubleNeg_P8_S48,2.56086665743535,0.980663521868305
batch1_DoubleNeg_P9_S49,3.80367753578906,2.19201060730387
batch1_DoubleNeg_P9_S50,3.81348185209325,1.45086022532246
batch1_DoubleNeg_P9_S51,3.45518557575858,2.63423316542142
batch1_DoubleNeg_P9_S52,3.76130107714072,1.67152582895063
batch1_DoubleNeg_P9_S53,1.12378004197171,-1.04233321416127
batch1_DoubleNeg_P9_S54,3.76621028808521,1.13431449036636
batch1_DoubleNeg_P9_S55,3.70999088428081,0.579686248834535
batch1_DoubleNeg_P9_S56,4.1370957000402,2.21152567908153
batch1_DoubleNeg_P9_S57,-1.17372109176767,-2.25053272432385
batch1_DoubleNeg_P9_S58,1.99678164982085,1.45138581756424
batch1_DoubleNeg_P9_S59,-1.57410001172415,-3.17372744301841
batch1_DoubleNeg_P9_S60,2.96711176948638,1.13985401774079
batch1_DoubleNeg_P9_S61,-2.40569519246888,-1.23068474830821
batch1_DoubleNeg_P9_S62,1.21643803319209,-0.799321533989288
batch1_DoubleNeg_P9_S63,3.46436857141854,2.68243741839614
batch1_DoubleNeg_P9_S64,3.79194823819281,1.87687781243302
batch1_DoubleNeg_P9_S65,3.3685476000458,1.16273594868518
batch1_DoubleNeg_P9_S66,3.69983417197828,1.1021351865681
batch1_DoubleNeg_P9_S67,3.97141917982883,1.45609096898041
batch1_DoubleNeg_P9_S68,3.24367942344609,1.85588791100072
batch1_DoubleNeg_P9_S69,3.64552277491252,0.99470691757168
batch1_DoubleNeg_P9_S70,3.56853025746115,1.39693349927196
batch1_DoubleNeg_P9_S71,2.90722775368312,0.949213105455028
batch1_DoubleNeg_P9_S72,3.11907631693289,0.689932208453901
batch2_pDC_P13_S49,-3.4226373497409,4.01270180006439
batch2_pDC_P13_S50,-2.752055719072,3.95083316846295
batch2_pDC_P13_S51,-3.33185186265289,4.32181438401614
batch2_pDC_P13_S52,-1.52432324956177,3.32501609641398
batch2_pDC_P13_S53,-2.2571656362259,2.91595210077302
batch2_pDC_P13_S54,-1.50855857384457,3.10006744861988
batch2_pDC_P13_S55,-1.5681094961889,2.3714669931824
batch2_pDC_P13_S56,-2.18847201720896,2.22401419548704
batch2_pDC_P13_S57,0.940873214249071,1.17029940204673
batch2_pDC_P13_S58,-2.38407741318917,2.99273857838137
batch2_pDC_P13_S59,-2.3918298942998,2.95064523094053
batch2_pDC_P13_S60,-2.37312717108144,2.98069882764226
batch2_pDC_P13_S61,-1.7129618995084,2.49493105993251
batch2_pDC_P13_S62,-3.07214353724943,2.18328023755725
batch2_pDC_P13_S63,-3.53680032313702,3.70483677458636
batch2_pDC_P13_S64,-3.01524681802529,4.14684551901378
batch2_pDC_P13_S65,-2.28320741011271,1.84455564995115
batch2_pDC_P13_S66,-2.4677837109206,4.60490461553622
batch2_pDC_P13_S67,-3.41188035117045,3.86843607713629
batch2_pDC_P13_S68,-2.73446610220455,4.30014849162437
batch2_pDC_P13_S69,-2.39787377977619,2.51759395117505
batch2_pDC_P13_S70,-1.87618801021081,2.77080745388154
batch2_pDC_P13_S71,-1.51163252652478,2.92846959075996
batch2_pDC_P13_S72,-3.34509290094358,4.18094009956607
batch2_pDC_P14_S73,-2.45545509339689,2.53132522736511
batch2_pDC_P14_S74,-1.46068556487038,3.10336228408704
batch2_pDC_P14_S75,-3.32189046193002,2.36403930459609
batch2_pDC_P14_S76,-2.77266884722232,2.63608083728826
batch2_pDC_P14_S77,-1.68733816278752,3.13278591326567
batch2_pDC_P14_S78,-2.96063452904504,2.58582032988868
batch2_pDC_P14_S79,-2.12816903756094,3.15784303066262
batch2_pDC_P14_S80,-2.20814740099626,2.47277264618808
batch2_pDC_P14_S81,-3.22644162250308,3.97767926424796
batch2_pDC_P14_S82,-3.53009739650298,4.05688939196672
batch2_pDC_P14_S83,-2.55876983370347,2.33823504254665
batch2_pDC_P14_S84,0.999778415175657,1.12744762585585
batch2_pDC_P14_S85,-2.62984141725314,4.49599254410653
batch2_pDC_P14_S86,-1.76037558042301,2.15478789200177
batch2_pDC_P14_S87,-2.3938513276125,2.77240218402683
batch2_pDC_P14_S88,-2.52922426422279,4.70289359237413
batch2_pDC_P14_S89,-2.72078886679515,4.60482077701687
batch2_pDC_P14_S90,-1.33034234933794,3.26849473452891
batch2_pDC_P14_S91,-2.07144966640565,2.26661573438608
batch2_pDC_P14_S92,-1.5048713570927,3.35242729266581
batch2_pDC_P14_S93,-2.3498737164208,-0.322267584850861
batch2_pDC_P14_S94,-3.56337926542766,4.03548574216509
batch2_pDC_P14_S95,-1.56243471806026,2.55800901698683
batch2_pDC_P14_S96,-1.59386578188561,3.2875718602166
batch2_pDC_P3_S10,-2.59698078627031,4.09765839693115
batch2_pDC_P3_S11,-3.09265160575888,2.48623872578486
batch2_pDC_P3_S12,-2.88690853136515,4.13734964936073
batch2_pDC_P3_S13,-1.96460575481562,2.33511719780019
batch2_pDC_P3_S14,-3.71040850271656,3.88158427459953
batch2_pDC_P3_S15,-2.10520282816553,-3.26961743513
batch2_pDC_P3_S16,-2.15262440372002,2.15996668073653
batch2_pDC_P3_S17,-2.95504375543477,4.17854577636994
batch2_pDC_P3_S18,-3.27499139015526,2.800431750113
batch2_pDC_P3_S19,-3.02910965217601,3.73137958606185
batch2_pDC_P3_S1,-2.12961956975545,3.77506387046845
batch2_pDC_P3_S20,-3.58881951885221,3.12478120514961
batch2_pDC_P3_S21,-1.48207690758957,3.30510695984366
batch2_pDC_P3_S22,-3.75062345358861,2.76157890784766
batch2_pDC_P3_S23,-3.30499034221323,2.9917442677387
batch2_pDC_P3_S24,-3.26586509979233,3.96021972012939
batch2_pDC_P3_S2,-2.68058280255731,0.830176292203229
batch2_pDC_P3_S3,-2.67265643809857,0.911345684489067
batch2_pDC_P3_S4,-2.26519721176606,2.13473099875333
batch2_pDC_P3_S5,-2.38698542018509,1.92785642949018
batch2_pDC_P3_S6,-2.34705086713088,3.72100200753756
batch2_pDC_P3_S7,-3.58558536119351,2.90252323707208
batch2_pDC_P3_S8,-3.20103207693243,2.28020165647209
batch2_pDC_P3_S9,-3.15287124279946,2.58775782776878
batch2_pDC_P4_S25,-3.47811474036973,2.98180294912182
batch2_pDC_P4_S26,-3.48480675331376,4.07940430328207
batch2_pDC_P4_S27,0.914112874242553,1.15931990426452
batch2_pDC_P4_S28,-2.80301884256698,4.40308401797301
batch2_pDC_P4_S29,-3.54110262388042,3.68578228652344
batch2_pDC_P4_S30,-3.37517978002584,4.10751892806224
batch2_pDC_P4_S31,-2.13909876730746,2.66996864686977
batch2_pDC_P4_S32,-3.04870790163012,4.52762425645509
batch2_pDC_P4_S33,-3.62354174351928,3.24833047922638
batch2_pDC_P4_S34,-2.55391089083582,1.9921312319058
batch2_pDC_P4_S35,-1.66850729319848,2.83788708172352
batch2_pDC_P4_S36,-2.35446060389492,1.92386370575769
batch2_pDC_P4_S37,0.989880068128069,1.08976719444663
batch2_pDC_P4_S38,-2.07397091014542,2.29457536216174
batch2_pDC_P4_S39,1.09629269830382,1.23372023725779
batch2_pDC_P4_S40,-2.5925402549822,3.99638422917142
batch2_pDC_P4_S41,-1.83281510922038,2.49043430565182
batch2_pDC_P4_S42,-3.56310464439991,4.14285955653379
batch2_pDC_P4_S43,0.881305342220237,1.20546798885929
batch2_pDC_P4_S44,-3.17877822711843,2.63010386726586
batch2_pDC_P4_S45,-2.51058703657091,2.50080486823151
batch2_pDC_P4_S46,-2.58175054723853,4.1218876871141
batch2_pDC_P4_S47,-2.4490408188842,3.32493078191687
batch2_pDC_P4_S48,-3.42082725226292,3.93504679191714
batch2_DoubleNeg_P13_S49,2.24362639122698,1.96816561041142
batch2_DoubleNeg_P13_S50,2.61209226686113,1.80163404954142
batch2_DoubleNeg_P13_S51,1.99443522889457,1.07787791248945
batch2_DoubleNeg_P13_S52,2.56414160880781,2.27947826409233
batch2_DoubleNeg_P13_S53,2.44474854169554,1.55041130502679
batch2_DoubleNeg_P13_S54,2.38980341057754,1.4500737566327
batch2_DoubleNeg_P13_S55,2.15554736464881,2.09359535009831
batch2_DoubleNeg_P13_S56,2.67362869254455,0.729403987651887
batch2_DoubleNeg_P13_S57,3.036588570929,0.87488404311044
batch2_DoubleNeg_P13_S58,2.47931906681633,1.80195388118138
batch2_DoubleNeg_P13_S59,2.48935309037951,0.861688430521608
batch2_DoubleNeg_P13_S60,2.11134520514553,0.934563320518426
batch2_DoubleNeg_P13_S61,1.92062580982965,1.13153196347914
batch2_DoubleNeg_P13_S62,2.27175811393715,0.871662637260082
batch2_DoubleNeg_P13_S63,3.10279453478867,1.53303942336272
batch2_DoubleNeg_P13_S64,3.47592610486409,2.02246945063527
batch2_DoubleNeg_P13_S65,2.30406323216748,0.958521319412616
batch2_DoubleNeg_P13_S66,2.16285995460058,1.3460498103829
batch2_DoubleNeg_P13_S67,2.59039653758398,2.3074728969842
batch2_DoubleNeg_P13_S68,2.68764791851408,2.21808587440039
batch2_DoubleNeg_P13_S69,2.78524955094176,1.94067041757712
batch2_DoubleNeg_P13_S70,2.19944723046607,0.955155159457871
batch2_DoubleNeg_P13_S71,3.09916800033486,2.88490950695236
batch2_DoubleNeg_P13_S72,-0.951641787380651,-3.62691139955698
batch2_DoubleNeg_P14_S73,2.90542301447625,1.51414073547998
batch2_DoubleNeg_P14_S74,3.78619064280197,2.39368530891891
batch2_DoubleNeg_P14_S75,3.43347187357482,1.44897980423137
batch2_DoubleNeg_P14_S76,3.36127071231335,2.89028247043772
batch2_DoubleNeg_P14_S77,2.89917489736544,0.964664909182755
batch2_DoubleNeg_P14_S78,3.07009029421131,2.90405356339878
batch2_DoubleNeg_P14_S79,3.31537680750617,2.88469959351601
batch2_DoubleNeg_P14_S80,3.70433791931871,2.31115848845834
batch2_DoubleNeg_P14_S81,3.75771764821429,0.852802979259489
batch2_DoubleNeg_P14_S82,3.80679173625172,2.45035571474726
batch2_DoubleNeg_P14_S83,3.76475058880303,2.06640477230719
batch2_DoubleNeg_P14_S84,-2.60494643559581,0.598657733913028
batch2_DoubleNeg_P14_S85,4.32717551077052,1.07589059077548
batch2_DoubleNeg_P14_S86,3.38265617164912,1.49034328359972
batch2_DoubleNeg_P14_S87,3.41396424545006,0.99735543490748
batch2_DoubleNeg_P14_S88,3.41022035724054,0.779091148120089
batch2_DoubleNeg_P14_S89,4.2000214775769,0.831205808170122
batch2_DoubleNeg_P14_S90,3.29693144639651,0.743491705294883
batch2_DoubleNeg_P14_S91,3.07361721164983,1.51033596220323
batch2_DoubleNeg_P14_S92,2.54397414577457,2.40560079681608
batch2_DoubleNeg_P14_S93,3.27041646976736,2.9015103597911
batch2_DoubleNeg_P14_S94,2.82078577923323,2.71719698567277
batch2_DoubleNeg_P14_S95,2.7107036120662,2.09165921948635
batch2_DoubleNeg_P14_S96,0.865519670973662,-1.15138992031981
batch2_DoubleNeg_P3_S10,2.65055283869731,2.18598412764911
batch2_DoubleNeg_P3_S11,0.834785367114039,-1.0740647369874
batch2_DoubleNeg_P3_S12,3.35256478052218,1.70520827429354
batch2_DoubleNeg_P3_S13,2.50403746027299,2.21613318698567
batch2_DoubleNeg_P3_S14,-1.38686799892492,-2.25869309313841
batch2_DoubleNeg_P3_S15,3.70261390554604,2.29672935414548
batch2_DoubleNeg_P3_S16,3.94590756615134,0.748539191381311
batch2_DoubleNeg_P3_S17,2.53994242579287,2.34092371269971
batch2_DoubleNeg_P3_S18,3.1583457676533,1.34916390088064
batch2_DoubleNeg_P3_S19,2.45372777146938,2.18302990457691
batch2_DoubleNeg_P3_S1,4.06875689172301,0.947913316361183
batch2_DoubleNeg_P3_S20,3.25308874765276,2.87549184464363
batch2_DoubleNeg_P3_S21,4.13899322773432,1.07280505393681
batch2_DoubleNeg_P3_S22,-1.96979766491255,-3.66635856413126
batch2_DoubleNeg_P3_S23,2.77388131696738,2.76178414029615
batch2_DoubleNeg_P3_S24,4.00048510174306,1.33166826905633
batch2_DoubleNeg_P3_S2,2.37575234758247,1.70927175287612
batch2_DoubleNeg_P3_S3,3.74102223773182,0.899814640075157
batch2_DoubleNeg_P3_S4,3.31303271141333,0.673566487605356
batch2_DoubleNeg_P3_S5,3.06644694472412,1.43364454476125
batch2_DoubleNeg_P3_S6,0.740798525757015,-1.007888955522
batch2_DoubleNeg_P3_S7,4.30824252858472,1.09003102943203
batch2_DoubleNeg_P3_S8,2.59533746830735,2.50514127545333
batch2_DoubleNeg_P3_S9,3.1497759255091,0.739666058493678
batch2_DoubleNeg_P4_S25,3.82234813378224,1.04503260321831
batch2_DoubleNeg_P4_S26,4.43968685891654,1.02336046471759
batch2_DoubleNeg_P4_S27,2.45166501381012,2.58506670944749
batch2_DoubleNeg_P4_S28,-0.308365723389095,-3.21142694739404
batch2_DoubleNeg_P4_S29,3.42020455769844,2.28563007198998
batch2_DoubleNeg_P4_S30,2.08727232046207,1.39015918085114
batch2_DoubleNeg_P4_S31,2.4928671964772,2.32460453821036
batch2_DoubleNeg_P4_S32,4.11773340466869,1.41514520582445
batch2_DoubleNeg_P4_S33,3.86931776388873,2.46911129787535
batch2_DoubleNeg_P4_S34,3.95696208030054,0.683673894812769
batch2_DoubleNeg_P4_S35,3.96178622655613,0.992877353397355
batch2_DoubleNeg_P4_S36,3.04326886832844,1.25549996992766
batch2_DoubleNeg_P4_S37,3.51949078150664,1.37060636490638
batch2_DoubleNeg_P4_S38,3.75757313279614,2.41281023609187
batch2_DoubleNeg_P4_S39,3.1826345626909,1.39658763312431
batch2_DoubleNeg_P4_S40,-1.46031479660077,-2.30074178060864
batch2_DoubleNeg_P4_S41,2.6014040004304,0.708761456426925
batch2_DoubleNeg_P4_S42,4.19521883315828,0.950489435303193
batch2_DoubleNeg_P4_S43,3.22458833926352,1.88106922345647
batch2_DoubleNeg_P4_S44,3.31964527469773,0.680187032848426
batch2_DoubleNeg_P4_S45,3.20815039479919,0.744010794130113
batch2_DoubleNeg_P4_S46,2.589699142672,2.63844770241806
batch2_DoubleNeg_P4_S47,3.65515654218095,0.968448440902032
batch2_DoubleNeg_P4_S48,4.20975143942122,1.65246067414273
batch2_CD1C_P13_S49,-1.99273141407456,-2.70404244297762
batch2_CD1C_P13_S50,-1.38292000859739,-2.08570662060401
batch2_CD1C_P13_S51,-1.1859184219166,-2.26599975458331
batch2_CD1C_P13_S52,-0.812254296258669,-3.32575970606085
batch2_CD1C_P13_S53,-1.73743804857095,-2.32057226525388
batch2_CD1C_P13_S54,-0.536913276727921,-3.04095857053333
batch2_CD1C_P13_S55,-0.86501724681807,-2.71538820548004
batch2_CD1C_P13_S56,-1.75432692809864,-2.43458195860267
batch2_CD1C_P13_S57,-1.35991176663055,-2.20897163274728
batch2_CD1C_P13_S58,-1.31263644946266,-4.05135484173297
batch2_CD1C_P13_S59,-0.933741971791405,-3.76883098631918
batch2_CD1C_P13_S60,-0.473338149262551,-3.14371950135018
batch2_CD1C_P13_S61,-0.273926711408975,-4.27740585085611
batch2_CD1C_P13_S62,-1.32909248529906,-2.13885588584318
batch2_CD1C_P13_S63,-1.74934423514772,-2.39690276437472
batch2_CD1C_P13_S64,-1.93155932202957,-3.85295059690797
batch2_CD1C_P13_S65,-1.22199479620557,-4.02979829718263
batch2_CD1C_P13_S66,-0.828098164883834,-3.20496608521424
batch2_CD1C_P13_S67,-0.554161484247813,-3.14231141406905
batch2_CD1C_P13_S68,-1.2082406513346,-3.91736022561328
batch2_CD1C_P13_S69,-1.34533749902906,-2.14423542300803
batch2_CD1C_P13_S70,-1.74134819366323,-3.37553191159519
batch2_CD1C_P13_S71,-1.06252725573458,-4.01905213601555
batch2_CD1C_P13_S72,-1.23371873565362,-4.04912111662748
batch2_CD1C_P14_S73,-0.419626938301973,-3.22914049817238
batch2_CD1C_P14_S74,-0.567792445218654,-3.1086404755252
batch2_CD1C_P14_S75,-0.919051643232369,-2.58018302676721
batch2_CD1C_P14_S76,-1.08582323453914,-2.22579510002901
batch2_CD1C_P14_S77,-1.13761186387944,-4.09270510310444
batch2_CD1C_P14_S78,-1.24125431256403,-1.97062926381045
batch2_CD1C_P14_S79,-1.35778022943833,-2.5292246147581
batch2_CD1C_P14_S80,-1.48709009264928,-4.17964838524258
batch2_CD1C_P14_S81,-1.98414528207103,-2.90742288818156
batch2_CD1C_P14_S82,-1.37114582842301,-2.67490101544508
batch2_CD1C_P14_S83,-1.29294738290109,-2.32954316345064
batch2_CD1C_P14_S84,-0.94849140107068,-4.56369571264705
batch2_CD1C_P14_S85,-0.300319906902043,-4.27657293281022
batch2_CD1C_P14_S86,-1.85203231776748,-3.9212101686851
batch2_CD1C_P14_S87,-0.799955221348483,-2.97768828663135
batch2_CD1C_P14_S88,-1.00293315067536,-4.1941345784331
batch2_CD1C_P14_S89,-0.636538065394963,-3.27628066257456
batch2_CD1C_P14_S90,-2.10782050753844,-2.88543909517112
batch2_CD1C_P14_S91,-1.70208269105143,-4.11623096717941
batch2_CD1C_P14_S92,-1.18611740538326,-3.42922410925783
batch2_CD1C_P14_S93,-1.65940943014086,-4.01831920834885
batch2_CD1C_P14_S94,-2.08258092794236,-3.17477693251611
batch2_CD1C_P14_S95,-0.877384965627826,-2.45635269621997
batch2_CD1C_P14_S96,-1.07916557159807,-2.36957045794601
batch2_CD1C_P3_S10,-1.39826566695035,-4.02253384691292
batch2_CD1C_P3_S11,-1.13889225018646,-3.9701051167423
batch2_CD1C_P3_S12,-1.56721507510205,-4.03587475459686
batch2_CD1C_P3_S13,-0.305166635854331,-4.05216152284229
batch2_CD1C_P3_S14,-0.919442579682231,-3.57215827456872
batch2_CD1C_P3_S15,-1.12506164490796,-4.44443003240567
batch2_CD1C_P3_S16,-1.72415274124266,-3.66749530295466
batch2_CD1C_P3_S17,-1.97614987472054,-3.44717181970336
batch2_CD1C_P3_S18,-1.47993352851512,-2.15856162611973
batch2_CD1C_P3_S19,-0.926708037929225,-2.42968220511151
batch2_CD1C_P3_S1,-0.699884089752001,-3.50921477081596
batch2_CD1C_P3_S20,-1.8197971613448,-3.29559601121352
batch2_CD1C_P3_S21,-1.92950238258491,-3.84925743955348
batch2_CD1C_P3_S22,-0.391686290108719,-3.34183809484543
batch2_CD1C_P3_S23,-1.34961721334307,-4.34734993655356
batch2_CD1C_P3_S24,-1.23137000343881,-4.25965321582749
batch2_CD1C_P3_S2,-1.23510408013668,-2.07482379999362
batch2_CD1C_P3_S3,-1.90555657347432,-3.44204137358729
batch2_CD1C_P3_S4,-0.477772078428486,-3.25915640984517
batch2_CD1C_P3_S5,-1.09938549610882,-4.56865187339231
batch2_CD1C_P3_S6,-1.92811791798817,-3.01598755947548
batch2_CD1C_P3_S7,-0.968365634557118,-4.14426222954622
batch2_CD1C_P3_S8,-0.937041652210551,-3.41981403425974
batch2_CD1C_P3_S9,0.800585163323118,-1.23146858071996
batch2_CD1C_P4_S25,-1.52925335956634,-4.27667350833742
batch2_CD1C_P4_S26,-1.86968839846491,-3.37182722577201
batch2_CD1C_P4_S27,-1.86729902544628,-3.94988910782424
batch2_CD1C_P4_S28,-1.16705022062004,-3.99386387725796
batch2_CD1C_P4_S29,-0.836032421143677,-2.6460409477584
batch2_CD1C_P4_S30,-0.88169370117583,-4.21313503470815
batch2_CD1C_P4_S31,-0.786240991416347,-3.03952588744805
batch2_CD1C_P4_S32,-0.755646551874114,-3.45613519739694
batch2_CD1C_P4_S33,0.777119499544588,-1.10851915280051
batch2_CD1C_P4_S34,-0.613541264860524,-3.17680845253294
batch2_CD1C_P4_S35,-1.96421631723471,-3.78837666799563
batch2_CD1C_P4_S36,-0.722703948052626,-3.7517095877988
batch2_CD1C_P4_S37,-0.390256758890943,-3.84074292691903
batch2_CD1C_P4_S38,-1.60864790698198,-3.07098014330968
batch2_CD1C_P4_S39,-0.726202337707082,-3.46955281246227
batch2_CD1C_P4_S40,-1.53462039554335,-2.4446147910277
batch2_CD1C_P4_S41,-0.477831981820157,-3.29181921332867
batch2_CD1C_P4_S42,-1.01973065568189,-3.45639314894357
batch2_CD1C_P4_S43,-1.94664488358819,-2.6698043897992
batch2_CD1C_P4_S44,-0.979031598500921,-3.49963951564322
batch2_CD1C_P4_S45,-1.36489138211123,-2.24686450318387
batch2_CD1C_P4_S46,-0.76764859089206,-3.86451092349461
batch2_CD1C_P4_S47,-1.09376889259192,-2.44213191513767
batch2_CD1C_P4_S48,-1.29856643363315,-2.48506738386129
